protein_ID,family
TcChr03b00990.t1,2-ODD
TcChr04b00800.t1,2-ODD
TcChr07b02445.t1,2-ODD
TcChr09b01578.t1,2-ODD
Tca02g00740.t1,2-ODD
Tca03g01023.t1,2-ODD
TcChr06b02027.t1,2-ODD
Tca03g01534.t1,2-ODD
TcChr10b00317.t1,2-ODD
Tca02g00738.t1,2-ODD
TcChr03b00765.t1,2-ODD
Tca08g00721.t1,2-ODD
Tca11g00360.t1,2-ODD
Tca12g00532.t1,2-ODD
TcChr05b00807.t1,2-ODD
TcChr10b01142.t1,2-ODD
Tca05g01107.t1,2-ODD
TcChr03b00761.t1,2-ODD
Tca10g00331.t1,2-ODD
TcChr02b01444.t1,2-ODD
TcChr11b01673.t1,2-ODD
Tca02g00714.t1,2-ODD
Tca03g00759.t1,2-ODD
Tca06g01115.t1,2-ODD
TcChr04b01373.t1,2-ODD
TcChr02b00760.t1,2-ODD
TcChr11b00458.t1,2-ODD
TcChr10b00319.t1,2-ODD
TcChr11b01291.t1,2-ODD
Tca02g00087.t1,2-ODD
TcChr02b00757.t1,2-ODD
TcChr04b01514.t1,2-ODD
Tca03g01044.t1,2-ODD
Tca05g00873.t1,2-ODD
Tca06g02042.t1,2-ODD
Tca09g01211.t1,2-ODD
TcChr05b00698.t1,2-ODD
TcChr10b02315.t1,2-ODD
Tca02g00818.t1,2-ODD
Tca06g02041.t1,2-ODD
TcChr06b01639.t1,2-ODD
TcChr09b01312.t1,2-ODD
TcChr11b00459.t1,2-ODD
Tca02g00760.t1,2-ODD
Tca02g00771.t1,2-ODD
Tca11g00456.t1,2-ODD
TcChr06b02032.t1,2-ODD
TcChr08b01584.t1,2-ODD
Tca02g00777.t1,2-ODD
Tca02g01757.t1,2-ODD
Tca04g00580.t1,2-ODD
TcChr07b01993.t1,2-ODD
TcChr11b00462.t1,2-ODD
Tca02g00644.t1,2-ODD
Tca06g02047.t1,2-ODD
TcChr03b00376.t1,2-ODD
TcChr11b01487.t1,2-ODD
TcChr05b01048.t1,2-ODD
Tca03g01037.t1,2-ODD
TcChr02b00697.t1,2-ODD
Tca04g02364.t1,2-ODD
TcChr02b00089.t1,2-ODD
TcChr09b01986.t1,2-ODD
TcChr08b00688.t1,2-ODD
TcChr02b00654.t1,2-ODD
Tca04g02038.t1,2-ODD
TcChr10b01362.t1,2-ODD
Tca08g01708.t1,2-ODD
Tca06g02049.t1,2-ODD
TcChr04b02306.t1,2-ODD
TcChr11b00463.t1,2-ODD
Tca02g00772.t1,2-ODD
Tca11g00239.t1,2-ODD
Tca06g01664.t1,2-ODD
Tca01g00530.t1,2-ODD
Tca02g00931.t1,2-ODD
Tca03g00358.t1,2-ODD
TcChr01b01187.t1,2-ODD
TcChr10b00412.t1,2-ODD
Tca06g01661.t1,2-ODD
Tca02g00086.t1,2-ODD
Tca04g02034.t1,2-ODD
Tca03g00760.t1,2-ODD
TcChr01b00527.t1,2-ODD
TcChr01b00649.t1,2-ODD
TcChr02b00761.t1,2-ODD
Tca02g02590.t1,2-ODD
Tca02g00757.t1,2-ODD
Tca07g01699.t1,2-ODD
Tca02g00929.t1,2-ODD
Tca03g00768.t1,2-ODD
Tca11g00454.t1,2-ODD
Tca02g00770.t1,2-ODD
Tca05g00815.t1,2-ODD
Tca11g00458.t1,2-ODD
Tca11g00459.t1,2-ODD
Tca02g00759.t1,2-ODD
Tca03g00368.t2,2-ODD
TcChr02b00086.t1,2-ODD
Tca10g00332.t1,2-ODD
TcChr05b00032.t1,2-ODD
Tca03g00468.t1,2-ODD
TcChr08b01041.t1,2-ODD
TcChr09b01316.t1,2-ODD
TcChr03b00994.t1,2-ODD
TcChr09b01097.t1,2-ODD
Tca03g00375.t1,2-ODD
Tca12g00126.t1,2-ODD
TcChr05b01102.t1,2-ODD
Tca08g00489.t1,2-ODD
TcChr05b00207.t1,2-ODD
Tca03g01431.t1,2-ODD
Tca07g01767.t1,2-ODD
Tca03g00764.t1,2-ODD
Tca05g01220.t1,2-ODD
Tca09g00893.t1,2-ODD
TcChr10b01361.t1,2-ODD
Tca03g00376.t1,2-ODD
TcChr01b00377.t1,2-ODD
TcChr11b00460.t1,2-ODD
Tca05g01051.t1,2-ODD
TcChr07b02027.t1,2-ODD
TcChr04b01981.t1,2-ODD
Tca04g01010.t1,2-ODD
Tca03g01018.t1,2-ODD
Tca04g00832.t1,2-ODD
TcChr07b02458.t1,2-ODD
Tca07g02484.t1,2-ODD
TcChr07b02453.t1,2-ODD
TcChr07b02449.t1,2-ODD
TcChr07b02447.t1,2-ODD
Tca09g01543.t1,2-ODD
Tca02g00741.t1,2-ODD
TcChr02b00837.t1,2-ODD
TcChr02b00838.t1,2-ODD
Tca02g00739.t1,2-ODD
TcChr02b00839.t1,2-ODD
Tca02g00733.t1,2-ODD
Tca02g00903.t1,2-ODD
TcChr02b00685.t1,2-ODD
TcChr02b00687.t1,2-ODD
TcChr02b00692.t1,2-ODD
Tca02g00902.t1,2-ODD
Tca02g00735.t1,2-ODD
TcChr02b00691.t1,2-ODD
Tca02g00742.t1,2-ODD
Tca03g01024.t1,2-ODD
TcChr03b00995.t1,2-ODD
TcChr03b00996.t1,2-ODD
TcChr06b02028.t1,2-ODD
TcChr03b01509.t1,2-ODD
Tca10g00328.t1,2-ODD
Tca02g00743.t1,2-ODD
TcChr02b00690.t1,2-ODD
TcChr02b00693.t1,2-ODD
Tca03g00773.t1,2-ODD
TcChr08b00690.t1,2-ODD
TcChr11b00363.t1,2-ODD
TcChr11b00364.t1,2-ODD
Tca11g00361.t1,2-ODD
TcChr12b00525.t1,2-ODD
Tca05g00816.t1,2-ODD
TcChr05b00811.t1,2-ODD
TcChr05b00809.t1,2-ODD
Tca05g00813.t1,2-ODD
Tca05g00811.t1,2-ODD
Tca05g00812.t1,2-ODD
TcChr05b00808.t1,2-ODD
Tca10g01210.t1,2-ODD
Tca05g01106.t1,2-ODD
TcChr05b01100.t1,2-ODD
Tca05g01108.t1,2-ODD
TcChr05b01101.t1,2-ODD
Tca03g00769.t1,2-ODD
TcChr03b00760.t1,2-ODD
Tca03g00764.t2,2-ODD
TcChr03b00762.t1,2-ODD
TcChr03b00763.t1,2-ODD
TcChr03b00764.t1,2-ODD
Tca03g00772.t1,2-ODD
Tca03g00771.t1,2-ODD
Tca03g00770.t1,2-ODD
TcChr10b00321.t1,2-ODD
TcChr10b00320.t1,2-ODD
TcChr02b00864.t1,2-ODD
Tca02g00930.t1,2-ODD
TcChr02b00865.t1,2-ODD
TcChr02b00863.t1,2-ODD
Tca11g01668.t1,2-ODD
Tca02g00928.t1,2-ODD
Tca02g00715.t1,2-ODD
TcChr02b00665.t1,2-ODD
Tca02g00716.t1,2-ODD
TcChr02b00666.t1,2-ODD
Tca03g00774.t1,2-ODD
TcChr03b00766.t1,2-ODD
TcChr03b00754.t1,2-ODD
Tca06g01112.t1,2-ODD
TcChr06b01128.t1,2-ODD
Tca06g01114.t1,2-ODD
Tca06g01113.t1,2-ODD
TcChr06b01127.t1,2-ODD
TcChr06b01129.t1,2-ODD
Tca04g01404.t1,2-ODD
TcChr02b00759.t1,2-ODD
TcChr10b00318.t1,2-ODD
Tca10g00330.t1,2-ODD
Tca10g00329.t1,2-ODD
Tca11g01286.t1,2-ODD
TcChr02b00088.t1,2-ODD
Tca02g00817.t1,2-ODD
Tca04g01556.t1,2-ODD
TcChr03b01015.t1,2-ODD
TcChr05b00871.t1,2-ODD
Tca06g02050.t1,2-ODD
TcChr06b02025.t1,2-ODD
Tca02g01358.t1,2-ODD
TcChr06b02029.t1,2-ODD
TcChr06b02023.t1,2-ODD
Tca06g02044.t1,2-ODD
TcChr02b01289.t1,2-ODD
Tca06g02046.t1,2-ODD
TcChr09b01240.t1,2-ODD
TcChr05b00697.t1,2-ODD
Tca05g00696.t1,2-ODD
Tca05g00695.t1,2-ODD
Tca05g00694.t1,2-ODD
TcChr05b00699.t1,2-ODD
Tca10g02402.t1,2-ODD
TcChr02b00758.t1,2-ODD
TcChr06b02022.t1,2-ODD
Tca06g02043.t1,2-ODD
Tca06g01663.t1,2-ODD
Tca09g01284.t1,2-ODD
TcChr02b00709.t1,2-ODD
TcChr02b00719.t1,2-ODD
Tca11g00455.t1,2-ODD
Tca06g02052.t1,2-ODD
Tca08g01621.t1,2-ODD
TcChr02b00725.t1,2-ODD
TcChr02b01694.t1,2-ODD
TcChr04b00556.t1,2-ODD
Tca07g02027.t1,2-ODD
TcChr02b00596.t1,2-ODD
TcChr06b02026.t1,2-ODD
TcChr03b00387.t1,2-ODD
TcChr03b00378.t1,2-ODD
Tca03g00364.t1,2-ODD
Tca03g00371.t1,2-ODD
TcChr03b00388.t1,2-ODD
Tca03g00366.t1,2-ODD
Tca03g00370.t1,2-ODD
Tca03g00372.t1,2-ODD
TcChr03b00390.t1,2-ODD
TcChr03b00377.t1,2-ODD
Tca03g00363.t1,2-ODD
Tca03g00354.t1,2-ODD
TcChr03b00384.t1,2-ODD
Tca03g00469.t1,2-ODD
Tca03g00374.t1,2-ODD
Tca03g00356.t1,2-ODD
Tca03g00355.t1,2-ODD
TcChr03b00375.t1,2-ODD
Tca03g00373.t1,2-ODD
Tca03g00368.t1,2-ODD
Tca03g00365.t1,2-ODD
TcChr03b00485.t1,2-ODD
TcChr03b00386.t1,2-ODD
TcChr03b00389.t1,2-ODD
TcChr03b00391.t1,2-ODD
Tca11g01481.t1,2-ODD
Tca03g01017.t1,2-ODD
TcChr03b01008.t1,2-ODD
TcChr03b00989.t1,2-ODD
Tca02g00746.t1,2-ODD
TcChr02b00696.t1,2-ODD
Tca02g00747.t1,2-ODD
Tca02g00088.t1,2-ODD
Tca09g01973.t1,2-ODD
Tca08g00720.t1,2-ODD
Tca02g00702.t1,2-ODD
Tca10g01423.t1,2-ODD
TcChr02b00720.t1,2-ODD
TcChr06b01641.t1,2-ODD
Tca06g01665.t1,2-ODD
TcChr06b01640.t1,2-ODD
TcChr01b00528.t1,2-ODD
TcChr01b00526.t1,2-ODD
Tca01g00532.t1,2-ODD
TcChr03b00380.t1,2-ODD
Tca01g01232.t1,2-ODD
Tca10g00429.t1,2-ODD
Tca06g01662.t1,2-ODD
TcChr06b01637.t1,2-ODD
TcChr06b01638.t1,2-ODD
TcChr02b00087.t1,2-ODD
TcChr04b01979.t1,2-ODD
TcChr03b00755.t1,2-ODD
Tca01g00531.t1,2-ODD
Tca01g00664.t1,2-ODD
TcChr02b02511.t1,2-ODD
Tca02g01781.t1,2-ODD
TcChr02b00708.t1,2-ODD
Tca02g00758.t1,2-ODD
TcChr02b00707.t1,2-ODD
TcChr07b01663.t1,2-ODD
TcChr02b00718.t1,2-ODD
TcChr05b00810.t1,2-ODD
Tca03g00367.t1,2-ODD
TcChr03b00387.t2,2-ODD
Tca02g00085.t1,2-ODD
Tca05g00035.t1,2-ODD
Tca03g00362.t1,2-ODD
TcChr03b00484.t1,2-ODD
TcChr03b00385.t1,2-ODD
Tca08g01075.t1,2-ODD
Tca03g01022.t1,2-ODD
Tca09g01068.t1,2-ODD
TcChr03b00392.t1,2-ODD
TcChr12b00128.t1,2-ODD
Tca12g00127.t1,2-ODD
TcChr12b00126.t1,2-ODD
Tca12g00128.t1,2-ODD
TcChr12b00127.t1,2-ODD
TcChr08b00467.t1,2-ODD
Tca05g00216.t1,2-ODD
TcChr03b01415.t1,2-ODD
Tca03g01433.t1,2-ODD
TcChr03b01414.t1,2-ODD
Tca03g01432.t1,2-ODD
TcChr03b01413.t1,2-ODD
TcChr07b01729.t1,2-ODD
TcChr05b01215.t1,2-ODD
TcChr09b00923.t1,2-ODD
Tca10g01422.t1,2-ODD
TcChr03b00393.t1,2-ODD
Tca01g00376.t1,2-ODD
Tca07g02060.t1,2-ODD
Tca04g02036.t1,2-ODD
TcChr04b00978.t1,2-ODD
TcChr04b01924.t1,ACH
Tca01g01517.t1,ACH
TcChr10b00232.t1,ACH
TcChr01b01238.t1,ACH
TcChr08b01913.t2,ACH
TcChr09b01659.t1,ACH
TcChr04b01953.t1,ACH
Tca10g00247.t1,ACH
TcChr03b01114.t1,ACH
TcChr07b01338.t1,ACH
Tca08g01342.t1,ACH
TcChr09b01361.t1,ACH
Tca01g01289.t1,ACH
Tca10g00408.t1,ACH
TcChr02b01377.t1,ACH
Tca01g01889.t1,ACH
Tca09g01626.t1,ACH
Tca07g00368.t1,ACH
TcChr10b00248.t1,ACH
TcChr04b02321.t1,ACH
Tca05g01920.t1,ACH
TcChr04b01952.t1,ACH
TcChr01b01242.t1,ACH
TcChr09b00086.t1,ACH
TcChr10b00397.t1,ACH
Tca01g02659.t1,ACH
Tca03g00120.t1,ACH
TcChr03b00860.t1,ACH
Tca08g01369.t1,ACH
TcChr10b00392.t1,ACH
Tca10g00359.t1,ACH
Tca10g00437.t1,ACH
TcChr09b01427.t1,ACH
Tca07g00364.t1,ACH
TcChr09b01666.t1,ACH
Tca01g00677.t1,ACH
TcChr01b01201.t1,ACH
Tca01g01279.t1,ACH
TcChr05b01694.t1,ACH
TcChr03b01478.t1,ACH
Tca07g00361.t1,ACH
Tca10g00255.t1,ACH
TcChr10b01679.t1,ACH
Tca01g01248.t1,ACH
TcChr09b01662.t1,ACH
Tca09g00090.t1,ACH
Tca09g01629.t1,ACH
TcChr03b01150.t1,ACH
TcChr03b01473.t1,ACH
Tca10g01633.t1,ACH
TcChr01b01225.t1,ACH
TcChr01b02897.t1,ACH
Tca10g00389.t1,ACH
TcChr10b00641.t1,ACH
TcChr04b01975.t1,ACH
TcChr10b00398.t1,ACH
Tca10g00403.t1,ACH
TcChr10b01560.t1,ACH
TcChr09b01661.t1,ACH
Tca04g02005.t1,ACH
Tca09g00089.t1,ACH
Tca04g01485.t1,ACH
Tca10g00420.t1,ACH
TcChr04b01949.t1,ACH
TcChr09b01660.t1,ACH
TcChr09b00090.t1,ACH
TcChr04b01942.t1,ACH
Tca10g00240.t1,ACH
TcChr01b01244.t1,ACH
Tca02g02318.t1,ACH
TcChr10b00380.t1,ACH
Tca04g02031.t1,ACH
TcChr01b01072.t1,ACH
Tca10g00766.t1,ACH
TcChr09b01657.t1,ACH
TcChr01b01070.t1,ACH
TcChr04b01954.t1,ACH
TcChr10b01986.t1,ACH
TcChr09b00269.t1,ACH
TcChr09b01360.t1,ACH
TcChr09b01664.t1,ACH
TcChr01b02898.t1,ACH
TcChr10b01477.t1,ACH
Tca04g01977.t1,ACH
TcChr01b01476.t1,ACH
Tca10g00237.t1,ACH
Tca01g01286.t1,ACH
TcChr08b01913.t1,ACH
Tca08g01952.t1,ACH
Tca08g01952.t2,ACH
Tca09g01627.t1,ACH
TcChr04b01953.t2,ACH
Tca04g02009.t1,ACH
Tca04g02009.t3,ACH
TcChr04b01953.t3,ACH
Tca04g02009.t2,ACH
Tca10g00249.t1,ACH
Tca10g00250.t1,ACH
Tca10g00246.t1,ACH
TcChr10b00241.t1,ACH
Tca10g00245.t1,ACH
TcChr10b00239.t1,ACH
TcChr10b00240.t1,ACH
TcChr10b00242.t1,ACH
Tca10g00248.t1,ACH
Tca10g00251.t1,ACH
Tca10g00244.t1,ACH
Tca03g01144.t1,ACH
Tca07g01352.t1,ACH
TcChr08b01311.t1,ACH
TcChr09b01362.t1,ACH
TcChr01b01241.t1,ACH
Tca01g01291.t1,ACH
TcChr01b01243.t1,ACH
TcChr10b00394.t1,ACH
Tca10g00407.t1,ACH
TcChr10b00395.t1,ACH
Tca10g00409.t1,ACH
TcChr10b00396.t1,ACH
Tca02g01451.t1,ACH
Tca01g01293.t1,ACH
TcChr01b01245.t1,ACH
TcChr09b01658.t1,ACH
Tca10g00257.t1,ACH
TcChr04b02178.t1,ACH
TcChr04b02320.t1,ACH
Tca04g02240.t1,ACH
Tca04g02241.t1,ACH
TcChr04b02179.t1,ACH
Tca10g00399.t1,ACH
TcChr10b00386.t1,ACH
TcChr05b01898.t1,ACH
TcChr04b01950.t1,ACH
TcChr04b01951.t1,ACH
Tca04g02008.t1,ACH
Tca04g01617.t1,ACH
Tca04g02006.t1,ACH
Tca04g02007.t1,ACH
TcChr04b01571.t1,ACH
Tca01g01290.t1,ACH
TcChr09b00089.t1,ACH
Tca09g00088.t1,ACH
Tca09g00091.t1,ACH
Tca10g00410.t1,ACH
TcChr01b02599.t1,ACH
Tca03g00885.t1,ACH
Tca03g00883.t1,ACH
TcChr03b00861.t1,ACH
TcChr03b00863.t1,ACH
Tca03g00884.t1,ACH
TcChr08b01337.t1,ACH
Tca10g00405.t1,ACH
TcChr10b00349.t1,ACH
TcChr10b00422.t1,ACH
Tca09g01398.t1,ACH
Tca07g00362.t1,ACH
Tca07g00366.t1,ACH
TcChr07b00360.t1,ACH
Tca09g01634.t1,ACH
TcChr01b00663.t1,ACH
TcChr01b01231.t1,ACH
Tca05g01711.t1,ACH
TcChr03b01474.t1,ACH
Tca03g01501.t1,ACH
TcChr07b00359.t1,ACH
TcChr10b00246.t1,ACH
TcChr10b01680.t1,ACH
Tca10g01748.t1,ACH
Tca10g01747.t1,ACH
Tca09g01624.t1,ACH
Tca09g01630.t1,ACH
TcChr09b01656.t1,ACH
TcChr09b00088.t1,ACH
Tca03g01180.t1,ACH
Tca03g01496.t1,ACH
Tca03g01497.t1,ACH
TcChr10b01563.t1,ACH
Tca01g01277.t1,ACH
TcChr01b01229.t1,ACH
Tca01g01272.t1,ACH
TcChr01b02899.t1,ACH
Tca01g02958.t1,ACH
Tca01g02956.t1,ACH
Tca10g00391.t1,ACH
TcChr10b00375.t1,ACH
TcChr10b00377.t1,ACH
TcChr10b00642.t1,ACH
Tca10g00662.t1,ACH
Tca10g00661.t1,ACH
Tca04g02030.t1,ACH
Tca10g00411.t1,ACH
TcChr10b00390.t1,ACH
Tca10g01630.t1,ACH
TcChr09b00087.t1,ACH
TcChr04b01454.t1,ACH
TcChr10b00407.t1,ACH
Tca09g01628.t1,ACH
Tca09g00092.t1,ACH
Tca04g01995.t1,ACH
Tca04g01996.t1,ACH
TcChr10b00233.t1,ACH
TcChr10b00191.t1,ACH
TcChr10b00190.t1,ACH
Tca10g00200.t1,ACH
Tca10g00238.t1,ACH
TcChr10b00234.t1,ACH
TcChr10b00238.t1,ACH
Tca10g00201.t1,ACH
TcChr10b00192.t1,ACH
Tca10g00199.t1,ACH
TcChr10b00235.t1,ACH
Tca10g00239.t1,ACH
Tca10g00243.t1,ACH
Tca01g01292.t1,ACH
Tca10g00394.t1,ACH
TcChr10b00420.t1,ACH
TcChr10b00421.t1,ACH
TcChr04b01976.t1,ACH
Tca01g01115.t1,ACH
TcChr01b01071.t1,ACH
TcChr10b00747.t1,ACH
Tca09g01625.t1,ACH
Tca01g01114.t1,ACH
Tca04g02010.t1,ACH
TcChr05b01430.t1,ACH
Tca05g01436.t1,ACH
Tca10g02074.t1,ACH
Tca09g00267.t1,ACH
Tca09g01632.t1,ACH
TcChr01b02896.t1,ACH
Tca01g02955.t1,ACH
Tca01g02957.t1,ACH
Tca10g01544.t1,ACH
TcChr01b01352.t1,ACT
Tca10g00461.t1,ACT
TcChr01b00612.t1,ACT
TcChr01b00611.t1,ACT
Tca09g01360.t1,ACT
TcChr10b00109.t1,ACT
TcChr01b00489.t1,ACT
TcChr01b00620.t1,ACT
TcChr09b00182.t1,ACT
TcChr10b00111.t1,ACT
Tca01g00456.t1,ACT
TcChr05b00609.t1,ACT
TcChr09b00185.t1,ACT
Tca10g01666.t1,ACT
TcChr09b01745.t1,ACT
Tca01g00625.t1,ACT
Tca05g00243.t1,ACT
TcChr07b02448.t1,ACT
Tca10g01668.t1,ACT
TcChr09b00187.t1,ACT
TcChr01b00599.t1,ACT
TcChr02b00310.t1,ACT
Tca05g00354.t1,ACT
TcChr01b00385.t1,ACT
TcChr02b00118.t1,ACT
TcChr10b01594.t1,ACT
Tca01g03028.t1,ACT
TcChr08b01445.t1,ACT
TcChr01b00614.t1,ACT
Tca10g00450.t1,ACT
TcChr09b01741.t1,ACT
Tca01g00535.t1,ACT
Tca08g01474.t1,ACT
TcChr11b01728.t1,ACT
Tca02g02312.t1,ACT
TcChr11b01416.t1,ACT
TcChr05b01764.t1,ACT
Tca01g00630.t1,ACT
Tca01g01201.t1,ACT
Tca10g00110.t1,ACT
Tca01g00921.t1,ACT
TcChr01b00420.t1,ACT
TcChr09b00183.t1,ACT
TcChr11b01985.t1,ACT
Tca11g01843.t1,ACT
TcChr09b01743.t1,ACT
Tca10g00109.t1,ACT
Tca03g02258.t1,ACT
TcChr02b00145.t1,ACT
TcChr11b01727.t1,ACT
TcChr09b00406.t1,ACT
Tca02g00324.t1,ACT
Tca02g00141.t1,ACT
TcChr01b00615.t1,ACT
TcChr10b00847.t1,ACT
Tca08g01758.t1,ACT
TcChr06b02055.t1,ACT
TcChr10b00435.t1,ACT
TcChr10b01591.t1,ACT
Tca09g01712.t1,ACT
TcChr02b00281.t1,ACT
TcChr10b00114.t1,ACT
Tca03g01054.t1,ACT
Tca11g01725.t1,ACT
TcChr09b01746.t1,ACT
Tca10g01292.t1,ACT
Tca03g02292.t1,ACT
Tca09g00434.t1,ACT
Tca11g01724.t1,ACT
TcChr01b02967.t1,ACT
TcChr09b00352.t1,ACT
Tca06g02076.t1,ACT
TcChr07b02451.t1,ACT
TcChr02b00309.t1,ACT
Tca11g01980.t1,ACT
TcChr05b00104.t1,ACT
TcChr07b00894.t1,ACT
Tca08g01483.t1,ACT
Tca05g01344.t1,ACT
Tca02g00319.t1,ACT
Tca10g00460.t1,ACT
TcChr12b00152.t1,ACT
TcChr02b00280.t1,ACT
Tca01g01400.t1,ACT
TcChr10b00447.t1,ACT
Tca01g00624.t1,ACT
Tca01g00623.t1,ACT
TcChr01b00490.t1,ACT
Tca01g00489.t1,ACT
Tca01g00488.t1,ACT
Tca01g00490.t1,ACT
Tca09g00347.t1,ACT
Tca01g00633.t1,ACT
TcChr01b00617.t1,ACT
Tca01g00629.t1,ACT
TcChr10b00110.t1,ACT
Tca10g00111.t1,ACT
TcChr01b00456.t1,ACT
Tca05g00619.t1,ACT
TcChr09b00186.t1,ACT
Tca10g01665.t1,ACT
TcChr10b01587.t1,ACT
Tca10g01664.t1,ACT
TcChr10b01590.t1,ACT
TcChr10b01588.t1,ACT
TcChr10b01595.t1,ACT
TcChr10b01592.t1,ACT
Tca10g01667.t1,ACT
TcChr10b01593.t1,ACT
TcChr09b01744.t1,ACT
Tca09g01715.t1,ACT
Tca09g01714.t1,ACT
TcChr01b00613.t1,ACT
Tca07g01490.t1,ACT
TcChr07b01458.t1,ACT
TcChr05b00233.t1,ACT
Tca07g02485.t1,ACT
TcChr07b02446.t1,ACT
TcChr07b02459.t1,ACT
TcChr07b02454.t1,ACT
TcChr07b02450.t1,ACT
TcChr10b01597.t1,ACT
Tca09g00180.t1,ACT
TcChr09b00184.t1,ACT
TcChr09b00188.t1,ACT
TcChr09b00179.t1,ACT
Tca09g00177.t1,ACT
Tca09g00182.t1,ACT
Tca09g00181.t1,ACT
Tca01g00610.t1,ACT
TcChr02b00311.t1,ACT
Tca02g00318.t1,ACT
Tca02g00317.t1,ACT
Tca02g00316.t1,ACT
TcChr02b00312.t1,ACT
TcChr05b00337.t1,ACT
Tca01g00385.t1,ACT
Tca01g00384.t1,ACT
TcChr01b00386.t1,ACT
Tca02g00117.t1,ACT
TcChr10b01589.t1,ACT
TcChr10b01596.t1,ACT
TcChr01b02968.t1,ACT
Tca01g00626.t1,ACT
TcChr10b00434.t1,ACT
Tca09g01711.t1,ACT
TcChr01b00530.t1,ACT
TcChr01b00531.t1,ACT
TcChr08b01439.t1,ACT
Tca08g01476.t1,ACT
TcChr08b01440.t1,ACT
TcChr08b01441.t1,ACT
Tca08g01477.t1,ACT
TcChr08b01446.t1,ACT
Tca11g01726.t1,ACT
TcChr02b02231.t1,ACT
Tca11g01412.t1,ACT
Tca05g01782.t1,ACT
TcChr01b00618.t1,ACT
TcChr01b01158.t1,ACT
TcChr01b01159.t1,ACT
Tca01g01202.t1,ACT
TcChr01b00886.t1,ACT
Tca01g00419.t1,ACT
Tca11g01983.t1,ACT
TcChr11b01843.t1,ACT
Tca09g01713.t1,ACT
Tca03g02273.t1,ACT
TcChr03b02207.t1,ACT
TcChr03b02221.t1,ACT
Tca02g00145.t1,ACT
TcChr09b00411.t1,ACT
TcChr09b00410.t1,ACT
TcChr09b00404.t1,ACT
TcChr09b00412.t1,ACT
TcChr09b00403.t1,ACT
TcChr09b00408.t1,ACT
TcChr09b00407.t1,ACT
TcChr09b00409.t1,ACT
Tca09g00401.t1,ACT
TcChr02b00318.t1,ACT
TcChr02b00141.t1,ACT
Tca01g00627.t1,ACT
Tca10g00878.t1,ACT
TcChr08b01723.t1,ACT
Tca06g02077.t1,ACT
Tca10g00451.t1,ACT
TcChr09b01742.t1,ACT
Tca02g00287.t1,ACT
TcChr02b00282.t1,ACT
Tca10g00114.t1,ACT
TcChr03b01025.t1,ACT
TcChr10b01211.t1,ACT
TcChr09b00452.t1,ACT
TcChr11b01726.t1,ACT
Tca01g03027.t1,ACT
TcChr06b02053.t1,ACT
TcChr07b02461.t1,ACT
Tca07g02487.t1,ACT
Tca02g00315.t1,ACT
TcChr11b01983.t1,ACT
Tca05g00108.t1,ACT
TcChr05b00101.t1,ACT
TcChr05b00107.t1,ACT
TcChr05b00102.t1,ACT
Tca07g00906.t1,ACT
TcChr08b01451.t1,ACT
TcChr05b01339.t1,ACT
TcChr02b00313.t1,ACT
TcChr10b00446.t1,ACT
Tca12g00155.t1,ACT
Tca02g00286.t1,ACT
TcChr01b00048.t1,P450
TcChr01b00258.t1,P450
TcChr01b00289.t1,P450
TcChr01b00290.t1,P450
TcChr01b00293.t1,P450
TcChr01b00912.t1,P450
TcChr01b01045.t1,P450
TcChr01b01059.t1,P450
TcChr01b01785.t1,P450
TcChr01b01968.t1,P450
TcChr01b01980.t1,P450
TcChr02b02093.t1,P450
TcChr02b02484.t1,P450
TcChr02b02518.t1,P450
TcChr03b01001.t1,P450
TcChr03b01002.t1,P450
TcChr03b01006.t1,P450
TcChr03b01917.t1,P450
TcChr04b00044.t1,P450
TcChr04b00242.t1,P450
TcChr04b00518.t1,P450
TcChr04b00519.t1,P450
TcChr04b00755.t1,P450
TcChr04b01689.t1,P450
TcChr04b01766.t1,P450
TcChr04b01837.t1,P450
TcChr05b00137.t1,P450
TcChr05b00537.t1,P450
TcChr05b00542.t1,P450
TcChr05b00618.t1,P450
TcChr05b00710.t1,P450
TcChr05b01591.t1,P450
TcChr05b01707.t2,P450
TcChr05b01866.t1,P450
TcChr05b01913.t1,P450
TcChr05b01960.t1,P450
TcChr05b02197.t1,P450
TcChr06b00211.t1,P450
TcChr06b00572.t1,P450
TcChr06b01537.t1,P450
TcChr06b01581.t1,P450
TcChr06b02119.t1,P450
TcChr06b02212.t1,P450
TcChr06b02263.t1,P450
TcChr06b02706.t1,P450
TcChr07b00140.t1,P450
TcChr07b00327.t1,P450
TcChr07b00328.t1,P450
TcChr07b00333.t1,P450
TcChr07b00440.t1,P450
TcChr07b00800.t1,P450
TcChr07b00802.t1,P450
TcChr07b01774.t1,P450
TcChr07b01872.t1,P450
TcChr08b00532.t1,P450
TcChr08b00601.t1,P450
TcChr08b00611.t1,P450
TcChr08b00612.t1,P450
TcChr08b00627.t1,P450
TcChr08b00630.t1,P450
TcChr08b00658.t1,P450
TcChr08b01261.t1,P450
TcChr08b01437.t1,P450
TcChr08b01496.t1,P450
TcChr08b01686.t1,P450
TcChr08b02083.t1,P450
TcChr09b00059.t1,P450
TcChr09b00114.t1,P450
TcChr09b00123.t1,P450
TcChr09b00124.t1,P450
TcChr09b00126.t1,P450
TcChr09b00131.t1,P450
TcChr09b00133.t1,P450
TcChr09b00135.t1,P450
TcChr09b00136.t1,P450
TcChr09b00137.t1,P450
TcChr09b00138.t1,P450
TcChr09b00140.t1,P450
TcChr09b00212.t1,P450
TcChr09b00232.t1,P450
TcChr09b00270.t1,P450
TcChr09b00286.t1,P450
TcChr09b01409.t1,P450
TcChr09b01432.t1,P450
TcChr09b01441.t1,P450
TcChr09b01445.t1,P450
TcChr09b01451.t2,P450
TcChr09b01453.t1,P450
TcChr09b01454.t1,P450
TcChr09b01457.t1,P450
TcChr09b01459.t1,P450
TcChr09b01464.t1,P450
TcChr09b01952.t1,P450
TcChr09b02142.t1,P450
TcChr10b01065.t1,P450
TcChr10b01188.t1,P450
TcChr10b01516.t1,P450
TcChr10b01545.t1,P450
TcChr10b01547.t1,P450
TcChr10b02376.t1,P450
TcChr10b02379.t1,P450
TcChr10b02396.t1,P450
TcChr10b02564.t1,P450
TcChr10b02573.t1,P450
TcChr10b02701.t1,P450
TcChr11b00142.t1,P450
TcChr11b00552.t1,P450
TcChr11b00591.t1,P450
TcChr11b00598.t1,P450
TcChr11b00829.t1,P450
TcChr11b01263.t1,P450
TcChr11b01663.t1,P450
TcChr11b01850.t1,P450
TcChr12b00175.t1,P450
TcChr12b00633.t1,P450
Tca01g00950.t1,P450
Tca02g00280.t1,P450
Tca02g00986.t1,P450
Tca02g01985.t1,P450
Tca02g01993.t1,P450
Tca03g01033.t1,P450
Tca03g01717.t1,P450
Tca03g01962.t1,P450
Tca04g00259.t1,P450
Tca04g00522.t1,P450
Tca05g00111.t1,P450
Tca05g00559.t1,P450
Tca06g00866.t1,P450
Tca06g01573.t1,P450
Tca06g02122.t1,P450
Tca06g02125.t1,P450
Tca07g00330.t1,P450
Tca07g00805.t1,P450
Tca07g00810.t1,P450
Tca07g01909.t1,P450
Tca07g01910.t1,P450
Tca08g00636.t1,P450
Tca08g00639.t1,P450
Tca08g01290.t1,P450
Tca08g01716.t1,P450
Tca09g00104.t1,P450
Tca09g00307.t1,P450
Tca09g00309.t1,P450
Tca09g00460.t1,P450
Tca09g01420.t1,P450
Tca09g01425.t1,P450
Tca09g01433.t1,P450
Tca09g01434.t1,P450
Tca09g01905.t1,P450
Tca09g01942.t1,P450
Tca09g01980.t1,P450
Tca09g02073.t1,P450
Tca10g02675.t1,P450
Tca11g00546.t1,P450
TcChr01b00292.t1,P450
TcChr03b00997.t1,P450
TcChr04b00135.t1,P450
TcChr04b00147.t1,P450
TcChr04b00979.t1,P450
TcChr04b01764.t1,P450
TcChr04b01767.t1,P450
TcChr04b02277.t1,P450
TcChr05b00706.t1,P450
TcChr06b00147.t1,P450
TcChr06b00697.t1,P450
TcChr07b02019.t1,P450
TcChr08b00793.t1,P450
TcChr09b01449.t1,P450
TcChr10b02592.t1,P450
TcChr11b00549.t1,P450
TcChr11b00551.t1,P450
TcChr12b00617.t1,P450
Tca01g02042.t1,P450
Tca05g00556.t1,P450
Tca05g01891.t1,P450
Tca09g00096.t1,P450
Tca09g00116.t1,P450
Tca09g00128.t1,P450
Tca09g00222.t1,P450
Tca10g00252.t1,P450
Tca10g02659.t1,P450
TcChr01b01879.t1,P450
TcChr05b00543.t1,P450
TcChr05b02382.t1,P450
TcChr06b02707.t1,P450
TcChr08b01465.t1,P450
Tca01g02127.t1,P450
Tca04g00539.t1,P450
Tca05g00122.t1,P450
Tca08g00634.t1,P450
Tca09g00137.t1,P450
TcChr01b01881.t1,P450
TcChr01b02937.t1,P450
TcChr02b01233.t1,P450
TcChr02b01893.t1,P450
TcChr04b00391.t1,P450
TcChr05b00136.t1,P450
TcChr05b00708.t1,P450
TcChr05b00712.t1,P450
TcChr05b00847.t1,P450
TcChr07b00798.t1,P450
TcChr07b01600.t1,P450
TcChr07b01874.t1,P450
TcChr08b00619.t1,P450
TcChr08b00759.t1,P450
TcChr08b00787.t1,P450
TcChr08b01472.t1,P450
TcChr08b01756.t1,P450
TcChr09b00104.t1,P450
TcChr09b00105.t1,P450
TcChr09b01446.t1,P450
TcChr09b01447.t1,P450
TcChr09b01607.t1,P450
TcChr09b01992.t1,P450
TcChr09b02080.t1,P450
TcChr10b00792.t1,P450
TcChr10b01227.t1,P450
TcChr11b00143.t1,P450
TcChr11b00762.t1,P450
TcChr12b00377.t1,P450
Tca01g01057.t1,P450
Tca01g02272.t1,P450
Tca03g01491.t1,P450
Tca06g01538.t1,P450
Tca06g02659.t1,P450
Tca08g00652.t1,P450
Tca09g00244.t1,P450
Tca10g01250.t1,P450
Tca11g00143.t1,P450
TcChr06b02708.t1,P450
TcChr10b01187.t1,P450
Tca05g01961.t1,P450
Tca08g00641.t1,P450
TcChr08b01383.t1,P450
TcChr09b01450.t1,P450
Tca01g00552.t1,P450
Tca02g01975.t1,P450
Tca05g00107.t1,P450
Tca09g02010.t2,P450
Tca09g02078.t1,P450
Tca04g00152.t1,P450
Tca11g02003.t1,P450
TcChr04b00516.t1,P450
TcChr07b00799.t1,P450
Tca04g01683.t1,P450
TcChr03b00987.t1,P450
Tca10g02210.t1,P450
Tca04g00785.t1,P450
TcChr05b00117.t2,P450
TcChr10b00200.t1,P450
TcChr10b02569.t1,P450
Tca10g00092.t1,P450
Tca05g00118.t1,P450
TcChr01b02938.t1,P450
TcChr02b00350.t1,P450
TcChr05b00171.t1,P450
TcChr05b01069.t1,P450
TcChr08b01317.t1,P450
Tca01g01056.t1,P450
Tca05g00131.t1,P450
Tca05g01594.t1,P450
Tca07g02050.t1,P450
Tca09g02009.t1,P450
TcChr02b00774.t1,P450
Tca07g02248.t1,P450
Tca08g00635.t1,P450
Tca08g01789.t1,P450
TcChr03b01762.t1,P450
Tca03g01627.t1,P450
Tca09g01413.t1,P450
TcChr05b00110.t1,P450
TcChr05b01592.t1,P450
TcChr08b00610.t1,P450
Tca08g00638.t1,P450
TcChr01b00160.t2,P450
TcChr06b02355.t1,P450
TcChr06b02695.t1,P450
TcChr06b02719.t1,P450
TcChr08b01687.t1,P450
TcChr10b02399.t1,P450
Tca04g00137.t1,P450
Tca04g00147.t1,P450
Tca05g00714.t1,P450
Tca11g01656.t1,P450
Tca09g02077.t1,P450
TcChr06b02724.t1,P450
TcChr08b01265.t1,P450
TcChr09b00310.t1,P450
Tca10g02484.t1,P450
TcChr07b00330.t1,P450
Tca04g01087.t1,P450
TcChr08b00763.t1,P450
Tca06g01572.t1,P450
Tca02g01992.t1,P450
TcChr05b01919.t1,P450
TcChr09b00245.t1,P450
TcChr04b00153.t1,P450
TcChr03b00126.t1,P450
Tca10g02653.t1,P450
TcChr02b01943.t1,P450
Tca06g00868.t1,P450
Tca02g00830.t1,P450
TcChr02b01858.t1,P450
Tca11g00774.t1,P450
TcChr08b01471.t1,P450
TcChr07b00769.t1,P450
TcChr03b01078.t1,P450
Tca04g00538.t1,P450
Tca09g01590.t1,P450
TcChr08b01254.t1,P450
Tca10g02466.t1,P450
Tca02g01942.t1,P450
Tca10g00824.t1,P450
Tca05g02346.t1,P450
TcChr06b02710.t1,P450
TcChr08b00628.t1,P450
TcChr08b01262.t1,P450
TcChr08b01264.t1,P450
TcChr09b00226.t1,P450
TcChr10b01189.t1,P450
Tca09g00223.t1,P450
Tca10g00197.t1,P450
Tca10g01269.t1,P450
TcChr04b02136.t1,P450
TcChr06b01176.t1,P450
TcChr10b02568.t1,P450
TcChr04b01409.t1,P450
TcChr06b02438.t1,P450
TcChr09b01759.t1,P450
Tca02g02270.t1,P450
TcChr02b01384.t1,P450
TcChr09b00756.t1,P450
Tca01g00047.t1,P450
Tca01g00257.t1,P450
Tca01g00288.t1,P450
Tca01g00289.t1,P450
TcChr01b00291.t1,P450
Tca01g00290.t1,P450
Tca01g00292.t1,P450
Tca01g01090.t1,P450
Tca01g01104.t1,P450
Tca01g01835.t1,P450
Tca01g02030.t1,P450
Tca02g02176.t1,P450
Tca02g02561.t1,P450
Tca02g02597.t1,P450
Tca03g01028.t1,P450
Tca03g01029.t1,P450
Tca03g01035.t1,P450
Tca03g01960.t1,P450
TcChr03b01918.t1,P450
TcChr04b00136.t1,P450
Tca04g00043.t1,P450
Tca04g00136.t1,P450
Tca04g00255.t1,P450
Tca04g00256.t1,P450
TcChr04b00244.t1,P450
Tca04g00249.t1,P450
Tca04g00246.t1,P450
Tca04g00260.t1,P450
Tca04g00293.t1,P450
TcChr04b00254.t1,P450
TcChr04b00250.t1,P450
TcChr04b00245.t1,P450
Tca04g00250.t1,P450
Tca04g00252.t1,P450
Tca04g00261.t1,P450
Tca04g00291.t1,P450
Tca04g00251.t1,P450
Tca04g00244.t1,P450
TcChr04b00246.t1,P450
Tca04g00257.t1,P450
TcChr04b00281.t1,P450
Tca04g00292.t1,P450
Tca04g00262.t1,P450
Tca04g00242.t1,P450
TcChr04b00249.t1,P450
Tca04g00254.t1,P450
TcChr04b00248.t1,P450
TcChr04b00247.t1,P450
Tca04g00253.t1,P450
TcChr04b00251.t1,P450
Tca04g00294.t1,P450
TcChr04b00243.t1,P450
Tca04g00243.t1,P450
Tca04g00542.t1,P450
Tca04g00543.t1,P450
Tca04g00786.t1,P450
Tca04g01740.t1,P450
Tca04g01811.t1,P450
Tca04g01875.t1,P450
Tca05g00140.t1,P450
Tca05g00139.t1,P450
TcChr05b00138.t1,P450
Tca05g00554.t1,P450
TcChr05b00539.t1,P450
TcChr05b00538.t1,P450
Tca05g00555.t1,P450
Tca05g00557.t1,P450
Tca05g00558.t1,P450
Tca05g00625.t1,P450
TcChr05b00715.t1,P450
Tca05g00123.t1,P450
Tca05g00707.t1,P450
TcChr05b00122.t1,P450
Tca05g00712.t1,P450
Tca05g01595.t1,P450
Tca05g01728.t2,P450
TcChr05b01878.t1,P450
TcChr05b01870.t1,P450
Tca05g01899.t1,P450
Tca05g01898.t1,P450
TcChr04b01501.t1,P450
Tca05g01901.t1,P450
TcChr05b01868.t1,P450
TcChr05b01873.t1,P450
TcChr05b01876.t1,P450
Tca04g01543.t1,P450
Tca05g01894.t1,P450
TcChr05b01865.t1,P450
TcChr05b01880.t1,P450
TcChr05b01871.t1,P450
TcChr05b01875.t1,P450
TcChr05b01877.t1,P450
Tca05g01895.t1,P450
TcChr05b01918.t1,P450
Tca05g01936.t1,P450
Tca05g01939.t1,P450
Tca05g01942.t1,P450
TcChr05b01916.t1,P450
Tca05g01986.t1,P450
Tca05g02217.t1,P450
Tca06g00223.t1,P450
TcChr06b00564.t1,P450
Tca06g00543.t1,P450
TcChr06b00565.t1,P450
Tca06g01527.t1,P450
Tca06g01526.t1,P450
TcChr06b01538.t1,P450
Tca06g02142.t1,P450
TcChr06b02100.t1,P450
Tca06g02210.t1,P450
Tca06g02235.t1,P450
Tca06g02654.t1,P450
Tca07g00138.t1,P450
Tca07g00332.t1,P450
TcChr07b00331.t1,P450
Tca07g00333.t1,P450
Tca07g00334.t1,P450
TcChr07b00332.t1,P450
Tca07g00335.t1,P450
Tca07g00450.t1,P450
Tca07g00809.t1,P450
Tca07g01001.t1,P450
Tca07g01002.t1,P450
Tca07g00811.t1,P450
Tca07g01832.t1,P450
Tca07g01820.t1,P450
TcChr07b01788.t1,P450
Tca07g01829.t1,P450
Tca07g01831.t1,P450
TcChr07b01782.t1,P450
Tca07g01818.t1,P450
Tca07g01830.t1,P450
TcChr07b01764.t1,P450
TcChr07b01789.t1,P450
Tca07g01827.t1,P450
Tca07g01821.t1,P450
TcChr07b01779.t1,P450
Tca07g01823.t1,P450
TcChr07b01787.t1,P450
TcChr07b01785.t1,P450
Tca07g01828.t1,P450
Tca07g01822.t1,P450
Tca07g01817.t1,P450
Tca07g01803.t1,P450
Tca07g01819.t1,P450
TcChr07b01786.t1,P450
Tca07g01906.t1,P450
Tca08g00561.t1,P450
TcChr08b00533.t1,P450
Tca08g00560.t1,P450
Tca08g00633.t1,P450
Tca08g00643.t1,P450
Tca08g00648.t1,P450
TcChr08b00613.t1,P450
Tca08g00644.t1,P450
Tca08g00647.t1,P450
Tca08g00645.t1,P450
Tca08g00646.t1,P450
TcChr08b00614.t1,P450
TcChr08b00616.t1,P450
TcChr08b00615.t1,P450
Tca08g00659.t1,P450
Tca08g00662.t1,P450
Tca08g00690.t1,P450
Tca09g01428.t1,P450
TcChr09b01455.t1,P450
Tca08g01479.t1,P450
Tca08g01530.t1,P450
Tca08g02133.t1,P450
TcChr09b00113.t2,P450
Tca09g00114.t2,P450
Tca09g00061.t1,P450
TcChr09b00113.t1,P450
Tca09g00114.t1,P450
Tca09g00115.t1,P450
Tca09g00124.t1,P450
Tca09g00126.t1,P450
TcChr09b00132.t1,P450
Tca09g00127.t1,P450
TcChr09b00128.t1,P450
TcChr09b00134.t1,P450
Tca09g00130.t1,P450
TcChr09b00130.t1,P450
TcChr09b00129.t1,P450
TcChr09b00127.t1,P450
Tca09g00129.t1,P450
Tca09g00131.t1,P450
Tca09g00132.t1,P450
Tca09g00133.t1,P450
Tca09g00134.t1,P450
Tca09g00135.t1,P450
TcChr09b00139.t1,P450
Tca09g00136.t2,P450
Tca09g00136.t1,P450
TcChr09b00140.t2,P450
Tca09g00225.t1,P450
TcChr09b00230.t1,P450
Tca09g00206.t1,P450
TcChr09b00227.t1,P450
Tca09g00228.t1,P450
Tca09g00230.t1,P450
Tca09g00266.t1,P450
TcChr09b00268.t1,P450
TcChr09b00289.t1,P450
Tca09g00284.t1,P450
TcChr09b00287.t1,P450
Tca09g00286.t1,P450
Tca09g00285.t1,P450
TcChr09b00288.t1,P450
Tca09g01403.t1,P450
Tca09g01412.t1,P450
Tca09g01416.t1,P450
Tca09g01424.t2,P450
TcChr09b01451.t1,P450
Tca09g01424.t1,P450
Tca09g01426.t1,P450
Tca09g01427.t1,P450
TcChr09b01460.t1,P450
Tca09g01438.t1,P450
Tca09g01943.t1,P450
TcChr09b01950.t1,P450
TcChr09b01954.t1,P450
TcChr09b01953.t1,P450
Tca09g01941.t1,P450
Tca09g01939.t1,P450
Tca09g02139.t1,P450
TcChr09b02143.t1,P450
Tca09g02140.t1,P450
Tca10g01130.t1,P450
Tca10g01267.t1,P450
Tca10g01582.t1,P450
Tca10g01618.t1,P450
TcChr10b01546.t1,P450
Tca10g01617.t1,P450
Tca10g01620.t1,P450
Tca10g02464.t1,P450
TcChr10b02378.t1,P450
Tca10g02462.t1,P450
Tca10g02463.t1,P450
TcChr10b02377.t1,P450
Tca10g02465.t1,P450
Tca10g02482.t1,P450
TcChr10b02571.t1,P450
Tca10g02658.t1,P450
Tca10g02786.t1,P450
Tca11g00142.t1,P450
Tca11g00548.t1,P450
Tca11g00587.t1,P450
Tca11g00594.t1,P450
Tca11g00825.t1,P450
TcChr11b00830.t1,P450
Tca11g00824.t1,P450
Tca11g01260.t1,P450
Tca11g01657.t1,P450
TcChr11b01849.t1,P450
Tca11g01849.t1,P450
TcChr11b01851.t1,P450
Tca11g01851.t1,P450
Tca11g01850.t1,P450
Tca12g00188.t1,P450
Tca12g00189.t1,P450
TcChr12b00176.t1,P450
Tca07g00724.t1,P450
TcChr02b01319.t1,P450
Tca10g02792.t1,P450
Tca12g00650.t1,P450
TcChr02b00274.t1,P450
TcChr02b00924.t1,P450
Tca02g01982.t1,P450
TcChr02b01894.t1,P450
TcChr02b01908.t1,P450
Tca02g01997.t1,P450
Tca02g01990.t1,P450
Tca02g01995.t1,P450
TcChr02b01902.t1,P450
TcChr02b01897.t1,P450
TcChr02b01910.t1,P450
TcChr02b01906.t1,P450
TcChr03b01004.t1,P450
TcChr04b00498.t1,P450
Tca05g00110.t1,P450
TcChr05b00109.t1,P450
Tca06g02658.t1,P450
Tca05g00112.t1,P450
TcChr05b00111.t1,P450
TcChr06b00897.t1,P450
TcChr06b00900.t1,P450
Tca06g00869.t1,P450
Tca06g00672.t1,P450
TcChr06b00698.t1,P450
Tca06g01604.t1,P450
Tca06g01600.t1,P450
Tca06g01577.t1,P450
Tca06g01587.t1,P450
Tca06g01590.t1,P450
TcChr07b00797.t1,P450
TcChr07b00801.t1,P450
TcChr07b01875.t1,P450
TcChr07b01876.t1,P450
TcChr08b00604.t1,P450
TcChr08b00607.t1,P450
TcChr08b01685.t1,P450
TcChr09b00309.t1,P450
Tca09g00308.t1,P450
TcChr09b01448.t1,P450
TcChr09b01452.t1,P450
TcChr09b01458.t1,P450
TcChr09b01917.t1,P450
TcChr09b02081.t1,P450
TcChr09b02079.t1,P450
TcChr10b02590.t1,P450
TcChr11b00550.t1,P450
Tca01g00291.t1,P450
Tca03g01025.t1,P450
Tca04g00135.t1,P450
Tca04g00148.t1,P450
Tca04g01011.t1,P450
Tca04g01809.t1,P450
Tca04g01812.t1,P450
Tca04g02334.t1,P450
Tca05g00703.t1,P450
Tca06g00159.t1,P450
Tca06g00671.t1,P450
Tca07g02052.t1,P450
Tca08g00825.t1,P450
TcChr08b00790.t1,P450
Tca08g00828.t1,P450
Tca09g01421.t1,P450
Tca10g02677.t1,P450
Tca11g00545.t1,P450
Tca11g00547.t1,P450
Tca12g00633.t1,P450
TcChr01b01990.t1,P450
TcChr05b01864.t1,P450
TcChr09b00096.t1,P450
TcChr09b00115.t1,P450
TcChr11b00516.t1,P450
Tca11g00510.t1,P450
TcChr09b00224.t1,P450
TcChr10b00243.t1,P450
TcChr10b02574.t1,P450
TcChr10b02572.t1,P450
TcChr10b02575.t1,P450
Tca10g02657.t1,P450
Tca10g02656.t1,P450
Tca05g02405.t1,P450
Tca06g02655.t1,P450
TcChr08b01464.t1,P450
Tca08g01497.t1,P450
TcChr04b00515.t1,P450
TcChr05b00121.t1,P450
TcChr08b00602.t1,P450
TcChr09b00141.t1,P450
Tca01g01940.t1,P450
TcChr01b01880.t1,P450
Tca01g01942.t1,P450
Tca01g01941.t1,P450
Tca01g01939.t1,P450
Tca01g02997.t1,P450
Tca02g01302.t1,P450
Tca02g01981.t1,P450
Tca04g00408.t1,P450
Tca05g00137.t1,P450
Tca05g00705.t1,P450
Tca05g00709.t1,P450
Tca05g00851.t1,P450
TcChr05b00848.t1,P450
Tca05g00850.t1,P450
Tca07g00807.t1,P450
Tca07g01635.t1,P450
Tca07g01908.t1,P450
Tca08g00651.t1,P450
Tca08g00794.t1,P450
Tca08g00822.t1,P450
TcChr08b01475.t1,P450
Tca08g01505.t1,P450
Tca08g01791.t1,P450
Tca09g00103.t1,P450
Tca09g00105.t1,P450
TcChr09b00103.t1,P450
Tca09g01418.t1,P450
Tca09g01419.t1,P450
TcChr09b01608.t1,P450
Tca09g01576.t1,P450
Tca09g01575.t1,P450
TcChr09b01993.t1,P450
Tca07g01865.t1,P450
Tca09g02071.t1,P450
TcChr09b02085.t1,P450
Tca09g02076.t1,P450
Tca09g02070.t1,P450
TcChr07b01831.t1,P450
TcChr09b02078.t1,P450
TcChr09b02084.t1,P450
Tca09g02080.t1,P450
TcChr09b02083.t1,P450
Tca09g02081.t1,P450
Tca10g00823.t1,P450
Tca10g01307.t1,P450
Tca11g00757.t1,P450
Tca12g00375.t1,P450
TcChr01b02213.t1,P450
TcChr03b01469.t1,P450
TcChr06b01549.t1,P450
TcChr08b00620.t1,P450
TcChr09b00247.t1,P450
TcChr09b00246.t1,P450
Tca09g00245.t1,P450
TcChr10b01171.t1,P450
Tca06g02656.t1,P450
Tca10g01266.t1,P450
Tca05g01728.t1,P450
TcChr05b01707.t1,P450
TcChr05b01936.t1,P450
TcChr08b00609.t1,P450
TcChr06b01584.t1,P450
Tca06g01599.t1,P450
Tca06g01603.t1,P450
Tca08g01419.t1,P450
Tca06g01589.t1,P450
Tca06g01576.t1,P450
Tca06g01586.t1,P450
TcChr01b00547.t1,P450
TcChr02b01887.t1,P450
TcChr05b00103.t1,P450
Tca09g02010.t1,P450
TcChr09b02021.t2,P450
TcChr09b02021.t1,P450
TcChr09b02067.t1,P450
TcChr09b02082.t1,P450
Tca09g02079.t1,P450
TcChr09b02077.t1,P450
Tca09g02059.t1,P450
Tca09g02058.t1,P450
Tca09g02075.t1,P450
Tca09g02069.t1,P450
TcChr09b02066.t1,P450
Tca09g02072.t1,P450
TcChr04b00496.t1,P450
Tca04g00521.t1,P450
TcChr04b00148.t1,P450
Tca04g00153.t1,P450
TcChr04b00151.t1,P450
Tca04g00149.t1,P450
Tca04g00519.t1,P450
Tca04g00518.t1,P450
TcChr04b00495.t1,P450
TcChr04b00152.t1,P450
Tca04g00520.t1,P450
TcChr04b00497.t1,P450
TcChr11b02004.t1,P450
Tca04g00540.t1,P450
Tca07g00808.t1,P450
TcChr04b01633.t1,P450
Tca03g01015.t1,P450
TcChr10b02113.t1,P450
TcChr04b00754.t1,P450
Tca05g00118.t2,P450
Tca10g00210.t1,P450
TcChr10b00092.t1,P450
TcChr05b00117.t1,P450
Tca01g02998.t1,P450
Tca02g00362.t1,P450
Tca05g00174.t1,P450
Tca05g01073.t1,P450
Tca08g01348.t1,P450
TcChr01b01017.t1,P450
Tca01g01055.t1,P450
TcChr01b01014.t1,P450
Tca01g01058.t1,P450
TcChr01b01016.t1,P450
TcChr01b01015.t1,P450
TcChr05b00130.t1,P450
TcChr05b01590.t1,P450
Tca07g02051.t1,P450
TcChr07b02017.t1,P450
TcChr07b02018.t1,P450
TcChr09b02020.t1,P450
Tca02g00832.t1,P450
TcChr07b02210.t1,P450
TcChr08b00603.t1,P450
TcChr08b01754.t1,P450
Tca03g01712.t1,P450
TcChr03b01763.t1,P450
Tca03g01711.t1,P450
TcChr03b01601.t1,P450
TcChr09b01442.t1,P450
Tca08g00642.t1,P450
Tca01g00159.t1,P450
TcChr01b00047.t1,P450
TcChr01b00160.t1,P450
Tca01g00046.t1,P450
Tca01g00159.t2,P450
TcChr06b02357.t1,P450
TcChr06b02358.t1,P450
TcChr06b02356.t1,P450
TcChr05b01066.t1,P450
Tca05g01070.t1,P450
Tca06g02322.t1,P450
Tca06g02319.t1,P450
Tca05g01072.t1,P450
Tca06g02320.t1,P450
Tca06g02323.t1,P450
TcChr06b02354.t1,P450
TcChr05b01068.t1,P450
Tca06g02321.t1,P450
TcChr06b02705.t1,P450
TcChr06b02703.t1,P450
TcChr06b02702.t1,P450
TcChr06b02701.t1,P450
TcChr06b02704.t1,P450
Tca06g02647.t1,P450
TcChr06b02700.t1,P450
Tca06g02653.t1,P450
Tca06g02668.t1,P450
TcChr08b01688.t1,P450
Tca10g02485.t1,P450
TcChr04b00137.t1,P450
Tca04g00146.t1,P450
Tca04g00144.t1,P450
Tca04g00145.t1,P450
TcChr04b00145.t1,P450
TcChr04b00146.t1,P450
TcChr04b00144.t1,P450
TcChr05b00123.t1,P450
Tca05g00124.t1,P450
TcChr05b00707.t1,P450
TcChr05b00714.t1,P450
Tca05g00711.t1,P450
Tca05g00704.t1,P450
TcChr05b00717.t1,P450
Tca06g02673.t1,P450
Tca06g02670.t1,P450
TcChr06b02721.t1,P450
Tca08g01294.t1,P450
Tca09g00311.t1,P450
TcChr10b02398.t1,P450
Tca10g02483.t1,P450
TcChr10b02397.t1,P450
Tca07g00331.t1,P450
TcChr04b01056.t1,P450
TcChr02b01904.t1,P450
Tca05g01943.t1,P450
Tca09g00243.t1,P450
Tca04g00154.t1,P450
Tca03g00124.t1,P450
TcChr10b02567.t1,P450
Tca02g02029.t1,P450
TcChr06b00899.t1,P450
TcChr02b00772.t1,P450
Tca02g01940.t1,P450
TcChr11b00779.t1,P450
Tca08g01502.t1,P450
Tca07g00777.t1,P450
Tca03g01107.t1,P450
TcChr04b00514.t1,P450
TcChr09b01620.t1,P450
Tca09g01588.t1,P450
TcChr09b01622.t1,P450
Tca08g01284.t1,P450
TcChr10b02380.t1,P450
TcChr02b01860.t1,P450
Tca02g01941.t1,P450
TcChr02b01859.t1,P450
TcChr10b00793.t1,P450
Tca10g00826.t1,P450
Tca05g02349.t1,P450
TcChr05b02319.t1,P450
TcChr05b02324.t1,P450
Tca05g02343.t1,P450
TcChr05b02329.t1,P450
Tca08g00660.t1,P450
Tca08g01291.t1,P450
Tca08g01293.t1,P450
Tca09g00224.t1,P450
Tca10g01268.t1,P450
TcChr09b00225.t1,P450
TcChr10b00187.t1,P450
TcChr10b01190.t1,P450
Tca04g02198.t1,P450
Tca06g01164.t1,P450
Tca10g02654.t1,P450
Tca04g01440.t1,P450
Tca06g02407.t1,P450
Tca09g01728.t1,P450
TcChr02b02188.t1,P450
Tca02g01457.t1,P450
Tca09g00718.t1,P450
Tca10g00061.t1,UGT
TcChr12b00613.t1,UGT
Tca01g01877.t1,UGT
TcChr12b00551.t1,UGT
TcChr11b01335.t1,UGT
TcChr10b00064.t1,UGT
TcChr06b01028.t1,UGT
Tca12g00253.t1,UGT
TcChr10b00057.t1,UGT
Tca02g02179.t1,UGT
TcChr02b01778.t1,UGT
TcChr01b00670.t1,UGT
Tca06g01005.t1,UGT
Tca07g02241.t1,UGT
Tca10g02470.t1,UGT
TcChr05b02229.t1,UGT
TcChr07b02116.t1,UGT
Tca12g00800.t1,UGT
Tca08g01500.t1,UGT
TcChr05b01941.t1,UGT
TcChr06b01818.t1,UGT
Tca08g01183.t1,UGT
TcChr10b00068.t1,UGT
TcChr07b02194.t1,UGT
TcChr09b00527.t1,UGT
Tca09g00508.t1,UGT
Tca08g01498.t1,UGT
TcChr02b01394.t1,UGT
Tca10g00055.t1,UGT
TcChr05b00185.t1,UGT
TcChr10b00066.t1,UGT
Tca06g01009.t1,UGT
TcChr04b02287.t1,UGT
TcChr06b01975.t1,UGT
Tca05g00799.t1,UGT
Tca07g02208.t1,UGT
TcChr08b01525.t1,UGT
Tca12g00265.t1,UGT
TcChr12b00595.t1,UGT
TcChr03b00796.t1,UGT
TcChr08b01485.t1,UGT
Tca10g00070.t1,UGT
Tca08g01553.t1,UGT
Tca08g01534.t1,UGT
TcChr06b02363.t1,UGT
Tca08g01562.t1,UGT
TcChr02b01392.t1,UGT
Tca07g02336.t1,UGT
TcChr02b02402.t1,UGT
TcChr08b01487.t1,UGT
TcChr03b00797.t1,UGT
Tca08g01545.t1,UGT
TcChr08b00245.t1,UGT
Tca08g00273.t1,UGT
TcChr10b00055.t1,UGT
TcChr08b01513.t1,UGT
Tca06g02327.t1,UGT
Tca06g01854.t1,UGT
Tca07g02243.t1,UGT
Tca06g01853.t1,UGT
TcChr08b00061.t1,UGT
TcChr12b00615.t1,UGT
TcChr11b01832.t1,UGT
TcChr06b00086.t1,UGT
Tca08g00253.t1,UGT
TcChr10b02331.t1,UGT
TcChr02b01380.t1,UGT
TcChr04b00706.t1,UGT
Tca08g00256.t1,UGT
Tca02g01467.t1,UGT
TcChr06b01034.t1,UGT
TcChr12b00234.t1,UGT
Tca10g02469.t1,UGT
Tca03g00808.t1,UGT
Tca08g01560.t1,UGT
TcChr08b01489.t1,UGT
Tca08g01516.t1,UGT
TcChr06b01023.t1,UGT
TcChr08b00238.t1,UGT
TcChr10b02402.t1,UGT
TcChr06b02359.t1,UGT
TcChr06b02364.t1,UGT
TcChr06b02353.t1,UGT
Tca06g02254.t1,UGT
TcChr02b02099.t1,UGT
TcChr08b00247.t1,UGT
Tca04g02345.t1,UGT
TcChr06b02365.t1,UGT
TcChr08b01516.t1,UGT
TcChr06b02361.t1,UGT
TcChr02b02095.t1,UGT
TcChr08b01512.t1,UGT
Tca06g00532.t1,UGT
TcChr02b01389.t1,UGT
Tca10g02467.t1,UGT
Tca01g01876.t1,UGT
TcChr08b00244.t1,UGT
TcChr01b01822.t1,UGT
Tca11g00470.t1,UGT
Tca08g00264.t1,UGT
Tca04g02339.t1,UGT
Tca07g02231.t1,UGT
TcChr05b02493.t1,UGT
Tca01g02105.t1,UGT
Tca08g00272.t1,UGT
Tca06g00095.t1,UGT
TcChr05b01942.t1,UGT
Tca08g01015.t1,UGT
TcChr12b00601.t1,UGT
Tca12g00252.t1,UGT
TcChr08b00253.t1,UGT
Tca12g00613.t1,UGT
Tca06g02255.t1,UGT
Tca08g00267.t1,UGT
TcChr06b00135.t1,UGT
TcChr04b02333.t1,UGT
Tca08g00259.t1,UGT
Tca06g01860.t1,UGT
TcChr06b01024.t1,UGT
TcChr06b01821.t1,UGT
TcChr12b00602.t1,UGT
Tca10g02461.t1,UGT
Tca08g01520.t1,UGT
TcChr07b02171.t1,UGT
TcChr05b01969.t1,UGT
TcChr11b00010.t1,UGT
Tca12g00863.t1,UGT
TcChr10b02382.t1,UGT
Tca09g00628.t1,UGT
Tca07g02240.t1,UGT
Tca10g00063.t1,UGT
TcChr05b00794.t1,UGT
TcChr07b02201.t1,UGT
TcChr07b02195.t1,UGT
TcChr01b01819.t1,UGT
Tca11g00019.t1,UGT
TcChr11b00011.t1,UGT
TcChr03b02229.t1,UGT
TcChr08b00232.t1,UGT
Tca11g00020.t1,UGT
Tca11g01249.t1,UGT
TcChr07b02197.t1,UGT
TcChr05b00796.t1,UGT
Tca12g00620.t1,UGT
TcChr11b00012.t1,UGT
TcChr11b00008.t1,UGT
TcChr11b00019.t1,UGT
Tca06g00534.t1,UGT
Tca11g00009.t1,UGT
Tca11g00018.t1,UGT
Tca12g00860.t1,UGT
TcChr10b00061.t1,UGT
Tca12g00627.t1,UGT
TcChr12b00611.t1,UGT
Tca12g00628.t1,UGT
TcChr01b01821.t1,UGT
Tca12g00559.t1,UGT
Tca12g00560.t1,UGT
Tca11g01331.t1,UGT
TcChr11b01346.t1,UGT
Tca11g01342.t1,UGT
Tca10g00064.t1,UGT
Tca06g01010.t1,UGT
Tca06g01011.t1,UGT
TcChr06b01027.t1,UGT
Tca12g00255.t1,UGT
TcChr12b00242.t1,UGT
TcChr12b00240.t1,UGT
Tca10g00056.t1,UGT
TcChr02b02096.t1,UGT
Tca02g01838.t1,UGT
Tca01g00684.t1,UGT
TcChr06b01022.t1,UGT
Tca06g01006.t1,UGT
TcChr07b02203.t1,UGT
TcChr10b02384.t1,UGT
Tca05g02249.t1,UGT
Tca07g02149.t1,UGT
Tca12g00799.t1,UGT
TcChr12b00763.t1,UGT
TcChr12b00756.t1,UGT
Tca12g00793.t1,UGT
TcChr12b00764.t1,UGT
TcChr05b01940.t1,UGT
Tca05g01966.t1,UGT
Tca05g01967.t1,UGT
TcChr06b01819.t1,UGT
Tca06g01851.t1,UGT
TcChr06b01817.t1,UGT
Tca06g01850.t1,UGT
Tca10g01365.t1,UGT
TcChr08b01148.t1,UGT
Tca10g00065.t1,UGT
TcChr10b00065.t1,UGT
Tca07g02232.t1,UGT
Tca09g00507.t1,UGT
TcChr09b00529.t1,UGT
TcChr08b01470.t1,UGT
TcChr08b01466.t1,UGT
TcChr08b01467.t1,UGT
Tca08g01499.t1,UGT
Tca08g01501.t1,UGT
TcChr02b01391.t1,UGT
Tca02g01466.t1,UGT
Tca02g01464.t1,UGT
TcChr10b00056.t1,UGT
Tca05g00188.t1,UGT
TcChr10b00069.t1,UGT
Tca10g00069.t1,UGT
TcChr06b01026.t1,UGT
TcChr04b02286.t1,UGT
Tca04g02357.t1,UGT
Tca04g02337.t1,UGT
Tca04g02344.t1,UGT
TcChr04b02297.t1,UGT
Tca04g02340.t1,UGT
Tca04g02343.t1,UGT
TcChr04b02280.t1,UGT
TcChr04b02283.t1,UGT
TcChr05b00795.t1,UGT
TcChr07b02170.t1,UGT
Tca08g01561.t1,UGT
TcChr12b00253.t1,UGT
TcChr12b00241.t1,UGT
Tca12g00254.t1,UGT
TcChr12b00600.t1,UGT
Tca12g00612.t1,UGT
Tca12g00614.t1,UGT
Tca12g00616.t1,UGT
TcChr12b00598.t1,UGT
Tca12g00611.t1,UGT
TcChr12b00597.t1,UGT
Tca03g00806.t1,UGT
TcChr08b01482.t1,UGT
Tca08g01517.t1,UGT
Tca08g01514.t1,UGT
TcChr10b00070.t1,UGT
TcChr10b00067.t1,UGT
TcChr08b01519.t1,UGT
TcChr08b01500.t1,UGT
Tca06g02328.t1,UGT
TcChr07b02296.t1,UGT
Tca02g02476.t1,UGT
Tca08g01519.t1,UGT
Tca03g00807.t1,UGT
TcChr08b01510.t1,UGT
TcChr08b01511.t1,UGT
TcChr08b01509.t1,UGT
Tca08g01543.t1,UGT
Tca08g01544.t1,UGT
Tca08g00266.t1,UGT
TcChr08b00252.t1,UGT
TcChr08b00260.t1,UGT
Tca10g00054.t1,UGT
Tca08g01547.t1,UGT
TcChr06b02362.t1,UGT
TcChr07b02205.t1,UGT
TcChr06b01820.t1,UGT
Tca08g00068.t1,UGT
Tca12g00631.t1,UGT
TcChr12b00614.t1,UGT
Tca11g01834.t1,UGT
Tca06g00096.t1,UGT
Tca06g00097.t1,UGT
TcChr06b00085.t1,UGT
TcChr08b00231.t1,UGT
Tca10g02418.t1,UGT
Tca04g00736.t1,UGT
TcChr08b00234.t1,UGT
TcChr02b01395.t1,UGT
Tca06g01017.t1,UGT
Tca12g00247.t1,UGT
TcChr10b02383.t1,UGT
TcChr03b00798.t1,UGT
TcChr08b01526.t1,UGT
Tca08g01522.t1,UGT
TcChr08b01491.t1,UGT
TcChr08b01490.t1,UGT
Tca08g01525.t1,UGT
Tca08g01524.t1,UGT
TcChr08b01484.t1,UGT
Tca08g00260.t1,UGT
Tca10g02488.t1,UGT
Tca06g02324.t1,UGT
Tca06g02329.t1,UGT
Tca06g02318.t1,UGT
TcChr06b02352.t1,UGT
TcChr06b02291.t1,UGT
Tca06g02252.t1,UGT
TcChr06b02289.t1,UGT
TcChr02b02098.t1,UGT
Tca02g02181.t1,UGT
Tca02g02182.t1,UGT
Tca08g00268.t1,UGT
TcChr08b00256.t1,UGT
TcChr08b00257.t1,UGT
TcChr08b00250.t1,UGT
TcChr08b00255.t1,UGT
Tca08g00269.t1,UGT
TcChr08b00251.t1,UGT
TcChr08b00248.t1,UGT
Tca08g00270.t1,UGT
TcChr08b00249.t1,UGT
TcChr04b02247.t1,UGT
Tca04g02306.t1,UGT
TcChr04b02288.t1,UGT
Tca06g02330.t1,UGT
Tca08g01550.t1,UGT
Tca06g02326.t1,UGT
Tca02g02178.t1,UGT
Tca08g01546.t1,UGT
TcChr06b00554.t1,UGT
Tca02g01463.t1,UGT
TcChr10b02381.t1,UGT
TcChr01b01820.t1,UGT
Tca08g00265.t1,UGT
Tca01g01878.t1,UGT
TcChr08b00243.t1,UGT
TcChr04b02282.t1,UGT
TcChr07b02193.t1,UGT
Tca05g02516.t1,UGT
TcChr01b02054.t1,UGT
TcChr08b00259.t1,UGT
TcChr06b00081.t1,UGT
TcChr06b00084.t1,UGT
Tca06g00092.t1,UGT
Tca06g00093.t1,UGT
TcChr06b00082.t1,UGT
Tca05g01968.t1,UGT
TcChr08b00979.t1,UGT
TcChr12b00239.t1,UGT
TcChr12b00599.t1,UGT
TcChr06b02292.t1,UGT
TcChr08b00246.t1,UGT
TcChr08b00254.t1,UGT
TcChr08b00246.t2,UGT
Tca08g00267.t2,UGT
Tca04g02389.t1,UGT
TcChr08b00237.t1,UGT
Tca08g00258.t1,UGT
TcChr08b00236.t1,UGT
TcChr06b01829.t1,UGT
Tca06g01007.t1,UGT
Tca12g00619.t1,UGT
TcChr10b02375.t1,UGT
TcChr08b01488.t1,UGT
Tca07g02230.t1,UGT
Tca07g02209.t1,UGT
TcChr07b02192.t1,UGT
Tca05g01998.t1,UGT
Tca05g01995.t1,UGT
TcChr05b01972.t1,UGT
Tca11g00010.t1,UGT
TcChr12b00822.t1,UGT
Tca10g02468.t1,UGT
TcChr07b02202.t1,UGT
TcChr10b00063.t1,UGT
Tca05g00794.t1,UGT
Tca07g02239.t1,UGT
Tca07g02233.t1,UGT
Tca01g01875.t1,UGT
TcChr01b01818.t1,UGT
Tca11g00011.t1,UGT
Tca03g02281.t1,UGT
TcChr11b00020.t1,UGT
TcChr11b01252.t1,UGT
Tca07g02235.t1,UGT
Tca05g00800.t1,UGT
Tca12g00621.t1,UGT
TcChr12b00603.t1,UGT
TcChr12b00604.t1,UGT
Tca11g00012.t1,UGT
Tca11g00008.t1,UGT
TcChr06b00556.t1,UGT
TcChr11b00009.t1,UGT
TcChr11b00018.t1,UGT
TcChr12b00819.t1,UGT
